{
	"class_name" : "PinholeCameraParameters",
	"extrinsic" : 
	[
		-0.085205353395808286,
		-0.086773297396398955,
		0.99257767585799128,
		0.0,
		-0.99354274782458663,
		-0.067507214866913023,
		-0.091189825013992476,
		0.0,
		0.074918996241711319,
		-0.99393821276770966,
		-0.080461004233516153,
		0.0,
		0.003426847396609374,
		0.55488096694883648,
		-2.0902853428201529,
		1.0
	],
	"intrinsic" : 
	{
		"height" : 1009,
		"intrinsic_matrix" : 
		[
			791.9063736557739,
			0.0,
			0.0,
			0.0,
			791.9063736557739,
			0.0,
			959.5,
			504.0,
			1.0
		],
		"width" : 1920
	},
	"version_major" : 1,
	"version_minor" : 0
}