{
	"class_name" : "PinholeCameraParameters",
	"extrinsic" : 
	[
		-0.30281046716585502,
		-0.15247117900507418,
		0.94077540388107483,
		0.0,
		-0.93753033131377661,
		0.22507590809109107,
		-0.26528798213196758,
		0.0,
		-0.17129710692675776,
		-0.96233745389534397,
		-0.21110169584527169,
		0.0,
		1.136367445934831,
		0.99265609881928474,
		-2.3589389734588582,
		1.0
	],
	"intrinsic" : 
	{
		"height" : 1009,
		"intrinsic_matrix" : 
		[
			873.8196324184986,
			0.0,
			0.0,
			0.0,
			873.8196324184986,
			0.0,
			959.5,
			504.0,
			1.0
		],
		"width" : 1920
	},
	"version_major" : 1,
	"version_minor" : 0
}